INSERT
INTO PAGACOIN_T_USERS
(ID_USER, CREATED, UPDATED, USERNAME, STATUS, NAME, LASTNAME, AGE, CELLPHONE, EMAIL)
VALUES
(1588, '2017-11-15 15:30:14.332', '2017-11-15 15:30:14.332', '1987diegog', 'ENABLED', 'Diego', 'Gonzalez', 32, '+59899267337', '1987diegog@gmail.com'),
(1878, '2017-11-15 15:30:14.332', '2017-11-15 15:30:14.332', 'luchoSuarez', 'ENABLED', 'Luis', 'Suarez', 32, '+59812345678', 'luisito@gmail.com'),
(1942, '2017-11-15 15:30:14.332', '2017-11-15 15:30:14.332', 'elMatador', 'ENABLED', 'Edinson', 'Cavani', 32, '+59897645789', 'elEdi@gmail.com'),
(1999, '2017-11-15 15:30:14.332', '2017-11-15 15:30:14.332', 'thegoatRF', 'ENABLED', 'Roger', 'Federer', 38, '+59815948678', 'theGOAT@gmail.com'),
(2506, '2017-11-15 15:30:14.332', '2017-11-15 15:30:14.332', 'rafael19', 'ENABLED', 'Rafael', 'Nadal', 34, '+59832894578', 'elRafa@gmail.com'),
(2789, '2017-11-15 15:30:14.332', '2017-11-15 15:30:14.332', 'silnarbaiz', 'ENABLED', 'Silva', 'Narbaiz', 37, '+59899545546', 'silnarbaiz@gmail.com');
  
INSERT
INTO PAGACOIN_T_WALLETS
(ID_WALLET, CREATED, UPDATED, HASH, NAME, BALANCE, TYPE_COIN, ID_USER)
VALUES
(78945, '2017-11-15 15:30:14.332', '2017-11-15 15:30:14.332', 'hash123', 'Wallet PagaCoin', 2500, 'PAGACOIN', 1588),
(78951, '2017-11-15 15:30:14.332', '2017-11-15 15:30:14.332', 'hash321', 'Wallet PagaCoin', 2500, 'PAGACOIN', 1588),
(65874, '2017-11-15 15:30:14.332', '2017-11-15 15:30:14.332', 'hash789', 'Wallet Ethereum', 2500, 'ETHEREUM', 1588),
(18797, '2017-11-15 15:30:14.332', '2017-11-15 15:30:14.332', 'hash987', 'Wallet BitCoin', 2500, 'BITCOIN', 1588),
(98547, '2017-11-15 15:30:14.332', '2017-11-15 15:30:14.332', 'hash654', 'Wallet LiteCoin', 2500, 'LITECOIN', 1588),
(87801, '2017-11-15 15:30:14.332', '2017-11-15 15:30:14.332', 'hash456', 'Wallet PagaCoin', 500, 'PAGACOIN', 2789),
(35741, '2017-11-15 15:30:14.332', '2017-11-15 15:30:14.332', 'hash258', 'Wallet BitCoin', 3000, 'BITCOIN', 2789),
(45678, '2017-11-15 15:30:14.332', '2017-11-15 15:30:14.332', 'hash147', 'Wallet PagaCoin', 5000, 'PAGACOIN', 1878),
(24775, '2017-11-15 15:30:14.332', '2017-11-15 15:30:14.332', 'hash369', 'Wallet PagaCoin', 2500, 'PAGACOIN', 1999);
  
INSERT
INTO PAGACOIN_T_TRANSFERS
(ID_TRANSFER, CREATED, UPDATED, ADMIN_NAME, AMOUNT, TYPE_COIN, ID_ORIGIN_WALLET, ID_DESTINATION_WALLET)
VALUES
(10568, '2017-11-15 00:00:00.000', '2017-11-15 15:30:14.332', 'ADMIN_DIEGO', 2500, 'PAGACOIN', 78945, 87801),
(10364, '2017-11-15 23:59:59.999', '2017-11-15 15:30:14.332', 'ADMIN_DIEGO', 500, 'PAGACOIN', 78945, 87801),
(10268, '2017-11-16 15:30:14.332', '2017-11-15 15:30:14.332', 'ADMIN_DIEGO', 220, 'BITCOIN', 18797, 35741);